alpha_deg,neutral_resolved,unfavorable_6mM_z70,unfavorable_20mM_z70,unfavorable_50mM_z70,unfavorable_100mM_z70,unfavorable_50mM_z50,unfavorable_50mM_z30,unfavorable_100mM_z30,unfavorable_50mM_z70_100xD
0,0.00000,0.00000,0.00000,0.00000,0.00000,0.00000,0.00000,0.00000,0.00000
1,0.00603,0.00675,0.01364,0.17992,0.84161,0.26451,0.42980,0.95147,0.00591
2,0.01307,0.00900,0.02501,0.24083,0.87142,0.33049,0.49367,0.96738,0.01097
3,0.01910,0.01406,0.03297,0.28652,0.88428,0.35893,0.52532,0.96897,0.01695
4,0.02362,0.01912,0.04434,0.31246,0.89012,0.38965,0.55006,0.97056,0.02306
5,0.03015,0.02812,0.05742,0.33841,0.89597,0.42036,0.57250,0.97216,0.02910
6,0.03769,0.03431,0.07106,0.36943,0.90298,0.44027,0.58400,0.97375,0.03456
7,0.04221,0.04049,0.07732,0.38297,0.90590,0.45620,0.59379,0.97534,0.04139
8,0.04573,0.04837,0.08357,0.39876,0.91175,0.47611,0.60932,0.97534,0.04717
9,0.05477,0.05681,0.09835,0.41906,0.91876,0.49659,0.62428,0.97613,0.05322
10,0.06633,0.06468,0.10688,0.42865,0.92110,0.50626,0.63694,0.97693,0.05946
11,0.07136,0.07030,0.11313,0.43824,0.92285,0.51763,0.64442,0.97693,0.06662
12,0.07638,0.07649,0.12280,0.45347,0.92402,0.52673,0.65017,0.97693,0.07233
13,0.08040,0.08155,0.13530,0.46306,0.92577,0.54437,0.65708,0.97772,0.07844
14,0.08442,0.08549,0.14156,0.46926,0.92753,0.54778,0.66226,0.97772,0.08534
15,0.08945,0.09111,0.14895,0.48223,0.92987,0.55575,0.66686,0.97852,0.09145
16,0.09598,0.10292,0.15861,0.49408,0.93103,0.56712,0.67261,0.97852,0.09769
17,0.10302,0.10967,0.16828,0.50367,0.93162,0.57736,0.68239,0.97932,0.10407
18,0.11407,0.11755,0.17965,0.51269,0.93220,0.58419,0.68700,0.98011,0.11090
19,0.12060,0.12092,0.19102,0.52453,0.93396,0.58987,0.69333,0.98091,0.11734
20,0.12412,0.12655,0.19784,0.53356,0.93513,0.59613,0.69850,0.98091,0.12227
21,0.13317,0.13555,0.20523,0.54089,0.93571,0.60466,0.70598,0.98091,0.12798
22,0.14121,0.14454,0.21262,0.54653,0.93688,0.60865,0.70598,0.98091,0.13462
23,0.14925,0.15411,0.21944,0.55104,0.93746,0.61661,0.70829,0.98170,0.14007
24,0.15930,0.16198,0.22570,0.55612,0.93805,0.62002,0.71577,0.98170,0.14644
25,0.16281,0.17098,0.23366,0.56007,0.93863,0.62457,0.71692,0.98170,0.15222
26,0.17236,0.18166,0.24446,0.57022,0.93980,0.63311,0.72325,0.98250,0.15899
27,0.18191,0.19010,0.25071,0.57868,0.93980,0.63709,0.72842,0.98250,0.16451
28,0.19095,0.19516,0.26094,0.58319,0.93980,0.64334,0.73188,0.98250,0.17193
29,0.19598,0.20416,0.27402,0.58996,0.94039,0.65074,0.73763,0.98250,0.17726
30,0.20352,0.21204,0.27857,0.59278,0.94039,0.65301,0.73936,0.98250,0.18415
31,0.21508,0.21822,0.28482,0.59786,0.94097,0.65586,0.74166,0.98329,0.18967
32,0.22663,0.22328,0.29392,0.60688,0.94097,0.66041,0.74799,0.98409,0.19532
33,0.23216,0.22722,0.30074,0.61027,0.94155,0.66212,0.75029,0.98409,0.20078
34,0.23869,0.23172,0.30927,0.62155,0.94331,0.67577,0.75949,0.98409,0.20629
35,0.24372,0.23960,0.31438,0.62662,0.94331,0.68146,0.76180,0.98488,0.21280
36,0.24975,0.24466,0.32462,0.63283,0.94681,0.69170,0.76928,0.98488,0.21825
37,0.25779,0.25759,0.34224,0.64298,0.94740,0.69568,0.77618,0.98488,0.22469
38,0.26432,0.26547,0.34451,0.64467,0.94740,0.69738,0.77675,0.98488,0.23080
39,0.27487,0.27109,0.35418,0.65426,0.94974,0.70592,0.78366,0.98568,0.23665
40,0.28744,0.28346,0.36953,0.66159,0.95032,0.71217,0.78941,0.98568,0.24157
41,0.29648,0.29021,0.37521,0.66497,0.95149,0.71559,0.79287,0.98568,0.24788
42,0.30050,0.30034,0.38829,0.66836,0.95149,0.71843,0.79459,0.98568,0.25498
43,0.31256,0.31327,0.39682,0.67400,0.95207,0.72127,0.79632,0.98648,0.26161
44,0.31759,0.31890,0.40364,0.67569,0.95207,0.72355,0.80265,0.98727,0.26799
45,0.32663,0.32508,0.41444,0.68302,0.95266,0.73151,0.80667,0.98727,0.27304
46,0.33518,0.33465,0.42297,0.68866,0.95383,0.73379,0.80898,0.98807,0.27896
47,0.34221,0.34139,0.42865,0.69261,0.95383,0.73663,0.80955,0.98807,0.28480
48,0.35276,0.35208,0.44002,0.69600,0.95441,0.74005,0.81128,0.98807,0.29065
49,0.36030,0.35827,0.44969,0.69769,0.95441,0.74289,0.81300,0.98807,0.29716
50,0.37186,0.36670,0.46219,0.70220,0.95558,0.74801,0.81588,0.98807,0.30221
51,0.37739,0.37795,0.46902,0.70615,0.95617,0.74972,0.81818,0.98807,0.30826
52,0.38492,0.38133,0.47072,0.71010,0.95617,0.75313,0.81933,0.98807,0.31424
53,0.39296,0.39314,0.48550,0.72589,0.95909,0.76451,0.82336,0.98807,0.32100
54,0.40402,0.40270,0.49460,0.73040,0.95967,0.76735,0.82739,0.98807,0.32731
55,0.40854,0.40551,0.49858,0.73604,0.96026,0.76906,0.82969,0.98807,0.33421
56,0.41809,0.41451,0.50767,0.74337,0.96084,0.77418,0.83142,0.98807,0.33953
57,0.42613,0.41676,0.50938,0.74676,0.96084,0.77588,0.83314,0.98807,0.34472
58,0.43417,0.42745,0.51620,0.75183,0.96318,0.78441,0.84350,0.98807,0.35044
59,0.43920,0.43082,0.52018,0.75353,0.96376,0.78669,0.84465,0.98807,0.35615
60,0.44171,0.44094,0.52530,0.75804,0.96435,0.79295,0.85040,0.98886,0.36305
61,0.44975,0.44994,0.53098,0.76875,0.96961,0.80830,0.86076,0.98886,0.36956
62,0.45829,0.45388,0.53667,0.77157,0.97019,0.81115,0.86249,0.98886,0.37547
63,0.46683,0.45894,0.53951,0.78003,0.97019,0.81741,0.86709,0.98966,0.38263
64,0.47286,0.46569,0.54406,0.78567,0.97136,0.82025,0.87054,0.98966,0.38913
65,0.47789,0.46963,0.55145,0.78962,0.97136,0.82196,0.87342,0.98966,0.39511
66,0.48141,0.47188,0.55600,0.79357,0.97136,0.82651,0.87629,0.98966,0.40096
67,0.48844,0.47638,0.55884,0.80034,0.97195,0.83163,0.87917,0.98966,0.40713
68,0.50050,0.48481,0.56509,0.80767,0.97253,0.83845,0.88205,0.99125,0.41259
69,0.51055,0.49606,0.58101,0.81726,0.97428,0.84983,0.88953,0.99284,0.41903
70,0.51759,0.50562,0.58954,0.82064,0.97545,0.85040,0.89183,0.99284,0.42389
71,0.52764,0.51350,0.59466,0.82685,0.97721,0.85438,0.89298,0.99284,0.43072
72,0.53065,0.51462,0.59693,0.82854,0.97721,0.85779,0.89356,0.99284,0.43637
73,0.53668,0.52531,0.60830,0.83587,0.97838,0.86405,0.89701,0.99364,0.44471
74,0.53970,0.53150,0.61285,0.84095,0.97896,0.86860,0.89931,0.99443,0.45148
75,0.54523,0.53768,0.62308,0.85166,0.97954,0.87315,0.90276,0.99443,0.45818
76,0.54824,0.54274,0.62592,0.85223,0.97954,0.87429,0.90391,0.99443,0.46350
77,0.55226,0.55287,0.64298,0.86351,0.98071,0.88623,0.91312,0.99443,0.46843
78,0.55930,0.55849,0.64866,0.86407,0.98130,0.88737,0.91427,0.99443,0.47441
79,0.56482,0.56412,0.65264,0.86464,0.98130,0.88794,0.91600,0.99523,0.47953
80,0.57136,0.57199,0.66515,0.87197,0.98305,0.89704,0.92117,0.99523,0.48591
81,0.57538,0.57762,0.66913,0.87253,0.98364,0.89932,0.92175,0.99523,0.49129
82,0.58342,0.58380,0.67538,0.87479,0.98480,0.90159,0.92348,0.99523,0.49740
83,0.58794,0.58718,0.67936,0.87874,0.98539,0.90216,0.92578,0.99523,0.50286
84,0.59246,0.59393,0.69699,0.88607,0.98656,0.91183,0.93786,0.99523,0.50936
85,0.60151,0.60180,0.70608,0.89002,0.98714,0.91354,0.94131,0.99523,0.51593
86,0.61206,0.60855,0.71120,0.89058,0.98714,0.91354,0.94246,0.99523,0.52230
87,0.61859,0.61530,0.71859,0.89227,0.98714,0.91581,0.94246,0.99523,0.52763
88,0.62412,0.62317,0.72541,0.89340,0.98714,0.91638,0.94361,0.99523,0.53367
89,0.62714,0.62992,0.72825,0.89397,0.98890,0.91980,0.94534,0.99523,0.53827
90,0.63216,0.63611,0.73053,0.89735,0.98890,0.91980,0.94591,0.99523,0.54550
91,0.63618,0.63948,0.73280,0.89961,0.98890,0.91980,0.94591,0.99602,0.55141
92,0.63819,0.64567,0.73849,0.90186,0.98890,0.92036,0.94764,0.99602,0.55594
93,0.64322,0.65017,0.74474,0.90525,0.98948,0.92150,0.94937,0.99602,0.56199
94,0.64774,0.65636,0.74986,0.90863,0.98948,0.92321,0.94937,0.99602,0.56731
95,0.66432,0.66423,0.76236,0.91314,0.98948,0.92662,0.95282,0.99602,0.57289
96,0.67186,0.67379,0.77658,0.91314,0.98948,0.93231,0.95397,0.99602,0.57927
97,0.67437,0.67548,0.77771,0.91314,0.98948,0.93288,0.95397,0.99602,0.58505
98,0.67638,0.67942,0.78397,0.91371,0.98948,0.93402,0.95397,0.99602,0.59030
99,0.68492,0.68841,0.78795,0.91540,0.98948,0.93629,0.95570,0.99682,0.59654
100,0.69548,0.69404,0.79761,0.91709,0.99065,0.93743,0.95915,0.99682,0.60239
101,0.70302,0.69685,0.80159,0.91709,0.99065,0.93743,0.95972,0.99682,0.60824
102,0.71106,0.70247,0.80614,0.91822,0.99123,0.93800,0.96087,0.99682,0.61461
103,0.71859,0.71091,0.81410,0.92104,0.99123,0.93970,0.96145,0.99761,0.62197
104,0.72211,0.71485,0.81524,0.92160,0.99123,0.93970,0.96145,0.99761,0.62880
105,0.72613,0.71991,0.81978,0.92273,0.99182,0.94255,0.96260,0.99761,0.63472
106,0.73065,0.72947,0.82547,0.92555,0.99182,0.94312,0.96260,0.99761,0.64089
107,0.73518,0.73341,0.82831,0.92837,0.99182,0.94482,0.96375,0.99761,0.64641
108,0.74322,0.73847,0.83002,0.92950,0.99240,0.94539,0.96433,0.99761,0.65147
109,0.75075,0.74634,0.83286,0.93119,0.99299,0.94767,0.96490,0.99761,0.65745
110,0.75729,0.75309,0.83513,0.93175,0.99416,0.94881,0.96605,0.99761,0.66402
111,0.76231,0.75984,0.84025,0.93401,0.99416,0.95108,0.96663,0.99920,0.67046
112,0.76734,0.76884,0.84025,0.93514,0.99416,0.95108,0.96720,0.99920,0.67545
113,0.77085,0.77390,0.84196,0.93627,0.99416,0.95108,0.96720,0.99920,0.68195
114,0.77940,0.77953,0.84423,0.93796,0.99416,0.95222,0.96778,0.99920,0.68846
115,0.78342,0.78234,0.84537,0.93909,0.99416,0.95392,0.96835,0.99920,0.69463
116,0.78744,0.79078,0.84991,0.94191,0.99416,0.95563,0.96951,0.99920,0.70048
117,0.79497,0.79584,0.85276,0.94247,0.99474,0.95734,0.96951,0.99920,0.70666
118,0.80050,0.80034,0.85617,0.94247,0.99474,0.95791,0.96951,0.99920,0.71165
119,0.80603,0.80934,0.86128,0.94529,0.99474,0.95904,0.97181,0.99920,0.71690
120,0.80854,0.81271,0.86299,0.94585,0.99474,0.95961,0.97238,0.99920,0.72157
121,0.81307,0.81665,0.86697,0.94755,0.99474,0.96075,0.97296,0.99920,0.72702
122,0.81859,0.82452,0.87038,0.94867,0.99474,0.96189,0.97353,0.99920,0.73418
123,0.82161,0.82677,0.87265,0.94924,0.99474,0.96246,0.97353,0.99920,0.74056
124,0.82915,0.83183,0.87663,0.95375,0.99532,0.96473,0.97526,0.99920,0.74561
125,0.83467,0.84139,0.88005,0.95601,0.99532,0.96587,0.97583,0.99920,0.75140
126,0.84020,0.84646,0.88346,0.95939,0.99649,0.96758,0.97583,0.99920,0.75718
127,0.85025,0.85321,0.88914,0.96108,0.99708,0.97042,0.97814,0.99920,0.76171
128,0.85327,0.85714,0.89198,0.96108,0.99708,0.97042,0.97871,0.99920,0.76900
129,0.85678,0.85996,0.89653,0.96447,0.99708,0.97156,0.98044,0.99920,0.77432
130,0.86281,0.86895,0.90506,0.96785,0.99766,0.97270,0.98159,0.99920,0.78149
131,0.86734,0.87120,0.90677,0.96785,0.99766,0.97383,0.98159,0.99920,0.78707
132,0.87085,0.87683,0.91018,0.96842,0.99766,0.97497,0.98159,0.99920,0.79226
133,0.88090,0.88133,0.91529,0.97067,0.99766,0.97725,0.98216,1.00000,0.79791
134,0.88693,0.88526,0.91927,0.97124,0.99766,0.97725,0.98274,1.00000,0.80441
135,0.89347,0.88920,0.92325,0.97349,0.99766,0.97782,0.98389,1.00000,0.80934
136,0.89799,0.89258,0.92780,0.97518,0.99766,0.97952,0.98446,1.00000,0.81572
137,0.90151,0.89539,0.92951,0.97688,0.99766,0.98066,0.98504,1.00000,0.82110
138,0.90905,0.90045,0.93292,0.97744,0.99825,0.98066,0.98619,1.00000,0.82669
139,0.91407,0.90664,0.93633,0.97744,0.99825,0.98237,0.98619,1.00000,0.83188
140,0.91960,0.91339,0.93860,0.97857,0.99825,0.98237,0.98619,1.00000,0.83766
141,0.92563,0.91901,0.94088,0.97913,0.99825,0.98237,0.98677,1.00000,0.84305
142,0.93015,0.92182,0.94201,0.97970,0.99825,0.98407,0.98792,1.00000,0.84962
143,0.93518,0.92801,0.94429,0.98082,0.99825,0.98464,0.98849,1.00000,0.85546
144,0.93970,0.93026,0.94656,0.98139,0.99825,0.98521,0.98849,1.00000,0.86072
145,0.94121,0.93195,0.94770,0.98252,0.99883,0.98578,0.98849,1.00000,0.86650
146,0.94221,0.93420,0.94997,0.98364,0.99883,0.98635,0.99022,1.00000,0.87116
147,0.94422,0.93813,0.95168,0.98477,0.99883,0.98635,0.99079,1.00000,0.87603
148,0.95075,0.94319,0.95452,0.98590,0.99883,0.98749,0.99137,1.00000,0.88056
149,0.95327,0.94544,0.95509,0.98646,0.99883,0.98749,0.99137,1.00000,0.88457
150,0.95678,0.94769,0.95736,0.98703,0.99942,0.98749,0.99194,1.00000,0.89107
151,0.95980,0.95163,0.95907,0.98872,0.99942,0.98805,0.99310,1.00000,0.89593
152,0.96131,0.95726,0.96248,0.98928,0.99942,0.98862,0.99310,1.00000,0.90086
153,0.96382,0.95951,0.96362,0.98928,0.99942,0.98919,0.99367,1.00000,0.90566
154,0.96482,0.95951,0.96475,0.98928,0.99942,0.98919,0.99367,1.00000,0.91078
155,0.96633,0.96119,0.96646,0.98985,0.99942,0.98919,0.99425,1.00000,0.91571
156,0.96784,0.96175,0.96873,0.99041,0.99942,0.98976,0.99425,1.00000,0.92077
157,0.96985,0.96344,0.96987,0.99098,0.99942,0.99090,0.99482,1.00000,0.92563
158,0.97186,0.96682,0.97328,0.99210,0.99942,0.99090,0.99540,1.00000,0.93069
159,0.97588,0.97132,0.97669,0.99210,0.99942,0.99147,0.99597,1.00000,0.93581
160,0.97789,0.97357,0.97953,0.99210,0.99942,0.99204,0.99597,1.00000,0.93969
161,0.98141,0.97750,0.98067,0.99323,1.00000,0.99431,0.99597,1.00000,0.94475
162,0.98342,0.97863,0.98181,0.99380,1.00000,0.99431,0.99597,1.00000,0.94862
163,0.98543,0.97919,0.98294,0.99380,1.00000,0.99431,0.99712,1.00000,0.95263
164,0.98693,0.98031,0.98522,0.99549,1.00000,0.99602,0.99712,1.00000,0.95657
165,0.98794,0.98256,0.98749,0.99605,1.00000,0.99602,0.99712,1.00000,0.95999
166,0.99095,0.98369,0.98749,0.99605,1.00000,0.99716,0.99770,1.00000,0.96360
167,0.99347,0.98594,0.99034,0.99662,1.00000,0.99716,0.99827,1.00000,0.96748
168,0.99397,0.98706,0.99090,0.99662,1.00000,0.99716,0.99885,1.00000,0.97188
169,0.99548,0.98875,0.99090,0.99662,1.00000,0.99772,0.99885,1.00000,0.97549
170,0.99598,0.99156,0.99147,0.99662,1.00000,0.99772,0.99942,1.00000,0.97891
171,0.99598,0.99213,0.99318,0.99662,1.00000,0.99772,0.99942,1.00000,0.98088
172,0.99598,0.99438,0.99545,0.99831,1.00000,0.99886,0.99942,1.00000,0.98390
173,0.99698,0.99550,0.99659,0.99831,1.00000,0.99886,0.99942,1.00000,0.98673
174,0.99799,0.99606,0.99773,0.99887,1.00000,1.00000,1.00000,1.00000,0.98844
175,0.99899,0.99719,0.99773,0.99887,1.00000,1.00000,1.00000,1.00000,0.99041
176,0.99899,0.99775,0.99773,0.99944,1.00000,1.00000,1.00000,1.00000,0.99290
177,1.00000,0.99888,0.99829,1.00000,1.00000,1.00000,1.00000,1.00000,0.99455
178,1.00000,0.99944,0.99943,1.00000,1.00000,1.00000,1.00000,1.00000,0.99678
179,1.00000,1.00000,1.00000,1.00000,1.00000,1.00000,1.00000,1.00000,0.99842
180,1.00000,1.00000,1.00000,1.00000,1.00000,1.00000,1.00000,1.00000,1.00000
